Timestamp,Friendly Name,Device Path,Reader,Colors,Capacity,Vendor,Model,Serial Number,Read Speed,Write Speed,Partition List,Description
2026-08-14 02:02:26,SanDisk Ultra mSDXC10 A1 64G,/dev/sdc,Generic MassStorageClass (000000001538),Top:Red;Bottom:Gray,59.5G,Generic,MassStorageClass,000000001538,98.1 MB/s,22.2 MB/s,sdc1: 59.5G (exfat),"Contains OS images (Manjaro Linux ISOs, Tiny11, Windows 11 ISOs) and SteamLibrary folder."
2026-10-02 18:42:21,SanDisk Ultra mSDXC10 A1 128G,/dev/sdc,Generic MassStorageClass (000000001538),Top:Red;Bottom:Gray,119.2G,Generic,MassStorageClass,3361-3464,97.6 MB/s,30.7 MB/s,sdc1: 119.2G (exfat),Clean formatted EXFAT storage SD card.
2026-08-14 02:16:38,SanDisk Ultra mSDXC10 A1 128G,/dev/sdc,Generic MassStorageClass (000000001538),Top:Red;Bottom:Gray,119.1G,Generic,MassStorageClass,35DE-9C73,91.6 MB/s,35.3 MB/s,sdc1: 256M (vfat/HOMESERVER); sdc2: 118.8G (ext4/rootfs),Raspberry Pi Debian 11 (Bullseye) HomeServer installation card (contains boot files & Linux rootfs).
2026-08-14 19:02:19,Kingston mSDHC10 16G,/dev/sdd,Generic MassStorageClass (000000001538),Black,14.5G,Generic,MassStorageClass,6C6F-7754,77.1 MB/s,9.1 MB/s,sdd1: 14.5G (vfat/V380),V380 Smart IP Camera firmware update & video recording storage card (contains setup.sh and RecFiles folder).
2026-08-14 02:05:05,SanDisk Ultra mSDXC10 64G,/dev/sdc,Generic MassStorageClass (000000001538),Top:White;Bottom:Gray,59.5G,Generic,MassStorageClass,000000001538,73.9 MB/s,2.9 MB/s,sdc1: 64M (vfat/hassos-boot); sdc2-6: kernel/system slots; sdc7: 96M (ext4/overlay); sdc8: 58.8G (ext4/hassos-data),Home Assistant OS (HassOS) installation card for Raspberry Pi.
2026-08-14 19:00:32,Intenso mSDHC10 32G,/dev/sdd,Generic MassStorageClass (000000001538),Black,29.1G,Generic,MassStorageClass,000000001538,36.4 MB/s,34.9 MB/s,sdd1: 29.1G (vfat/INTENSO32G),Clean formatted FAT32 storage SD card (benchmarked in high-speed USB card reader).
2026-10-02 18:30:14,Intenso mSDHC10 32G,/dev/sdc,Generic MassStorageClass (000000001538),Black,29.3G,Generic,MassStorageClass,7426-61D8,24.0 MB/s,17.9 MB/s,sdc1: 29.3G (vfat/INTENSO),Clean formatted VFAT storage SD card (labeled INTENSO).
2026-10-02 18:15:20,Intenso mSDHC10 32G,/dev/sdc,Generic MassStorageClass (000000001538),Black,29.3G,Generic,MassStorageClass,D061-A06D,22.0 MB/s,15.2 MB/s,sdc1: 29.3G (vfat/INTENSO),Clean formatted VFAT storage SD card (labeled INTENSO).
2026-08-14 18:30:50,SanDisk Ultra mSDXC10 A1 64G (T),/dev/sda,USB Mass Storage Device (816820130806),Top:Red;Bottom:Gray,59.5G,USB_Mass,Storage_Device,816820130806,21.9 MB/s,4.7 MB/s,sda1: 512M (vfat/bootfs); sda2: 59.0G (ext4/rootfs),FullPageOS / Raspberry Pi OS Debian 13 (Trixie) dashboard installation card.
2026-08-14 02:12:20,microSDHC4 8G,/dev/sdc,Generic MassStorageClass (000000001538),Black,7.4G,Generic,MassStorageClass,C6B8-2AE8,21.1 MB/s,5.1 MB/s,sdc1: 7.4G (vfat/DORIS MUSIK),"Formatted FAT32 music card (labeled DORIS MUSIK, contains System Volume Information)."
2026-08-14 02:20:27,SanDisk Extreme mSDXC U3 V30 A2,/dev/sdc,Generic MassStorageClass (000000001538),Top:Red;Bottom:Gold,30.6M,Generic,MassStorageClass,N/A,0,0,No partitions (Unreadable),Card controller dead / locked in 30.6MB BootROM mode.
2026-08-14 01:59:47,TOSHIBA mSDXC10 64G 40MB/s,/dev/sdb,Unknown,Black,0B,Generic,MassStorageClass,N/A,0,0,No partitions (Unreadable),Card appears physically dead or completely unreadable by card reader (reports 0 bytes).
